                  epoch,         train/box_loss,         train/cls_loss,         train/dfl_loss,   metrics/precision(B),      metrics/recall(B),       metrics/mAP50(B),    metrics/mAP50-95(B),           val/box_loss,           val/cls_loss,           val/dfl_loss,                 lr/pg0,                 lr/pg1,                 lr/pg2
                      1,                 1.1588,                 4.8545,                 1.0865,                0.51593,                0.07744,                0.04657,                0.03763,                 0.8832,                 3.3081,                0.90603,                7.7e-05,                7.7e-05,                7.7e-05
                      2,                0.89521,                 2.6599,                0.90055,                 0.5369,                0.12333,                0.09698,                0.07783,                0.78256,                  2.235,                0.83537,             0.00015324,             0.00015324,             0.00015324
                      3,                0.81606,                 2.0927,                0.87264,                0.67636,                0.15153,                0.12643,                0.10262,                0.75171,                 1.9228,                 0.8284,             0.00022633,             0.00022633,             0.00022633
                      4,                0.80275,                 1.7731,                0.85907,                 0.7131,                0.16319,                0.17113,                0.14041,                0.73047,                 1.6593,                0.82617,             0.00022386,             0.00022386,             0.00022386
                      5,                0.83423,                 1.6685,                0.85144,                 0.7087,                0.20371,                0.21934,                0.18179,                0.73191,                 1.4689,                0.82296,             0.00022386,             0.00022386,             0.00022386
                      6,                 0.7612,                 1.4413,                 0.8486,                0.68338,                0.21718,                 0.2522,                0.21122,                0.70506,                 1.3099,                0.81888,             0.00021915,             0.00021915,             0.00021915
                      7,                  0.732,                 1.2763,                0.84331,                0.67685,                0.24893,                0.28168,                0.23388,                0.70398,                 1.2316,                0.81781,             0.00021444,             0.00021444,             0.00021444
                      8,                0.72077,                 1.1579,                0.84322,                0.75212,                0.25368,                0.30733,                0.25706,                0.72054,                 1.1953,                0.81241,             0.00020973,             0.00020973,             0.00020973
                      9,                 0.7258,                 1.1018,                0.84776,                 0.8141,                0.25339,                 0.3282,                0.27316,                0.74707,                 1.2169,                0.81104,             0.00020501,             0.00020501,             0.00020501
                     10,                0.69335,                 1.0343,                0.84295,                0.87676,                0.27591,                0.34675,                0.28786,                0.76634,                 1.0763,                0.80791,              0.0002003,              0.0002003,              0.0002003
                     11,                0.68106,                0.93565,                0.83789,                0.83009,                0.34156,                 0.3744,                0.31459,                  0.743,                 1.0204,                0.80377,             0.00019559,             0.00019559,             0.00019559
                     12,                0.68459,                0.92837,                0.83553,                0.87033,                0.31887,                0.40204,                0.34335,                0.74288,                 1.0169,                0.80195,             0.00019088,             0.00019088,             0.00019088
                     13,                0.68822,                0.87503,                0.84594,                0.68142,                0.38615,                0.41923,                0.35493,                0.74121,                0.94816,                0.80235,             0.00018616,             0.00018616,             0.00018616
                     14,                0.66601,                0.83436,                0.83349,                0.65422,                0.39155,                0.42547,                0.36221,                0.71986,                0.89643,                0.79895,             0.00018145,             0.00018145,             0.00018145
                     15,                0.68127,                0.84789,                0.83762,                0.80474,                0.35581,                0.43944,                0.37177,                0.70176,                0.86464,                0.79746,             0.00017674,             0.00017674,             0.00017674
                     16,                0.67509,                0.81309,                0.83253,                0.77284,                0.37333,                0.44168,                0.37341,                0.70207,                0.83341,                0.79714,             0.00017203,             0.00017203,             0.00017203
                     17,                0.64902,                0.76711,                0.83684,                0.74969,                0.37874,                0.45245,                0.38122,                0.71171,                0.80726,                0.79858,             0.00016731,             0.00016731,             0.00016731
                     18,                0.63889,                0.74877,                0.83158,                0.71474,                0.40429,                 0.4733,                0.40271,                0.69397,                0.78636,                0.79884,              0.0001626,              0.0001626,              0.0001626
                     19,                0.63248,                0.72135,                0.83106,                0.77579,                0.40602,                0.48177,                0.41148,                0.67886,                0.74674,                0.80044,             0.00015789,             0.00015789,             0.00015789
                     20,                0.63145,                0.68963,                0.83566,                0.77929,                0.40143,                0.49486,                0.41991,                0.70347,                0.76304,                0.79975,             0.00015318,             0.00015318,             0.00015318
                     21,                0.64472,                0.70221,                0.83025,                0.70048,                0.45736,                 0.5097,                0.43407,                0.71026,                 0.7628,                0.79503,             0.00014846,             0.00014846,             0.00014846
                     22,                 0.6155,                  0.643,                0.82998,                0.68905,                0.46501,                0.52138,                0.45014,                0.69952,                0.76302,                 0.7944,             0.00014375,             0.00014375,             0.00014375
                     23,                  0.629,                0.66899,                0.83065,                0.73131,                0.46379,                0.52559,                0.45282,                0.69624,                0.76452,                0.79326,             0.00013904,             0.00013904,             0.00013904
                     24,                0.62821,                0.66382,                0.82089,                0.70856,                0.49936,                0.52927,                0.45312,                0.68573,                 0.7646,                0.79226,             0.00013433,             0.00013433,             0.00013433
                     25,                0.62107,                0.63456,                0.82491,                0.55641,                0.53628,                0.54099,                0.46514,                0.66686,                0.74046,                0.79516,             0.00012961,             0.00012961,             0.00012961
                     26,                0.60362,                0.62764,                0.81932,                0.57209,                0.51436,                0.54789,                 0.4718,                0.59697,                0.65597,                0.79828,              0.0001249,              0.0001249,              0.0001249
                     27,                0.60762,                0.63128,                0.82284,                 0.5744,                0.51923,                0.55693,                0.47305,                0.62267,                0.66193,                0.79731,             0.00012019,             0.00012019,             0.00012019
                     28,                0.61597,                0.62538,                 0.8291,                0.65058,                0.52578,                0.56013,                0.47861,                0.61724,                0.65149,                0.79947,             0.00011548,             0.00011548,             0.00011548
                     29,                0.62018,                0.62988,                0.82252,                0.63101,                0.53607,                0.55961,                0.47995,                0.62534,                0.65467,                0.79511,             0.00011077,             0.00011077,             0.00011077
                     30,                0.61228,                0.60685,                0.82811,                0.58522,                0.53759,                0.56243,                0.48311,                0.65928,                0.67768,                0.79209,             0.00010605,             0.00010605,             0.00010605
                     31,                 0.5901,                0.58792,                0.82772,                0.59803,                0.54143,                0.56493,                0.48471,                0.65868,                0.67007,                0.79163,             0.00010134,             0.00010134,             0.00010134
                     32,                0.58464,                0.56259,                0.82185,                0.69555,                0.51346,                0.56638,                 0.4878,                0.65777,                0.67745,                0.79141,             9.6628e-05,             9.6628e-05,             9.6628e-05
                     33,                0.58612,                0.56228,                0.82162,                0.77695,                0.49983,                0.56757,                 0.4895,                0.66274,                0.66097,                0.79171,             9.1916e-05,             9.1916e-05,             9.1916e-05
                     34,                0.58824,                0.55745,                0.81434,                0.79358,                0.50781,                0.56911,                0.49141,                0.66183,                 0.6512,                0.79069,             8.7203e-05,             8.7203e-05,             8.7203e-05
                     35,                0.58061,                0.56185,                0.82179,                0.75643,                0.52011,                0.57583,                0.49458,                0.65828,                0.65757,                0.78991,             8.2491e-05,             8.2491e-05,             8.2491e-05
                     36,                 0.5695,                0.56015,                0.81493,                0.76657,                0.51019,                0.57277,                0.48813,                0.66632,                0.67393,                0.79056,             7.7778e-05,             7.7778e-05,             7.7778e-05
                     37,                0.57379,                0.54842,                0.82232,                0.76957,                0.50265,                0.57946,                 0.4927,                0.65043,                0.66013,                0.78937,             7.3066e-05,             7.3066e-05,             7.3066e-05
                     38,                0.58491,                0.55107,                 0.8206,                0.76779,                0.50926,                 0.5752,                0.49497,                 0.6408,                0.65952,                 0.7898,             6.8354e-05,             6.8354e-05,             6.8354e-05
                     39,                0.61012,                0.56572,                0.82401,                0.75642,                 0.4982,                0.57418,                  0.488,                0.64489,                0.66105,                 0.7896,             6.3641e-05,             6.3641e-05,             6.3641e-05
                     40,                0.56858,                0.52818,                0.82058,                0.81014,                0.49741,                 0.5751,                0.49287,                 0.6412,                0.64913,                0.78798,             5.8929e-05,             5.8929e-05,             5.8929e-05
                     41,                0.57161,                0.53261,                0.81563,                0.77517,                0.49811,                0.58539,                 0.4959,                 0.6532,                0.66799,                0.78741,             5.4216e-05,             5.4216e-05,             5.4216e-05
                     42,                0.56352,                0.53158,                0.80405,                0.64577,                0.53365,                0.56498,                0.47863,                0.65285,                 0.6827,                0.78777,             4.9504e-05,             4.9504e-05,             4.9504e-05
                     43,                0.55499,                0.51968,                 0.7988,                0.62798,                0.53564,                0.57771,                0.49195,                0.66059,                  0.682,                0.78813,             4.4792e-05,             4.4792e-05,             4.4792e-05
                     44,                0.54803,                0.50513,                0.81189,                0.73741,                0.53219,                0.58593,                0.49894,                 0.6588,                0.67869,                0.78763,             4.0079e-05,             4.0079e-05,             4.0079e-05
                     45,                0.54774,                0.49618,                0.80605,                0.77438,                0.53038,                0.58862,                0.49808,                0.65586,                0.67445,                0.78745,             3.5367e-05,             3.5367e-05,             3.5367e-05
                     46,                 0.5593,                0.51467,                  0.804,                0.71512,                0.52831,                0.58902,                0.49876,                0.65625,                0.65967,                0.78685,             3.0654e-05,             3.0654e-05,             3.0654e-05
                     47,                0.54398,                0.48748,                0.81431,                0.71467,                0.52743,                 0.5903,                0.49963,                0.65202,                0.65304,                0.78641,             2.5942e-05,             2.5942e-05,             2.5942e-05
                     48,                0.55315,                 0.4986,                0.80849,                0.84904,                0.49979,                0.59058,                0.49912,                0.65057,                0.65298,                0.78636,              2.123e-05,              2.123e-05,              2.123e-05
                     49,                0.53965,                0.47577,                0.79764,                 0.7099,                 0.5325,                0.59233,                0.50334,                0.65119,                 0.6538,                0.78668,             1.6517e-05,             1.6517e-05,             1.6517e-05
                     50,                0.53915,                0.48762,                0.80879,                0.80662,                 0.5063,                0.59199,                0.50251,                0.65224,                0.64887,                0.78654,             1.1805e-05,             1.1805e-05,             1.1805e-05
